word	count	pattern
Aśvins	31	1_mn_kg
Mlecchas	27	2_m_tdlv
tions	15	1_mn_kg
Samkṛti	14	1_mn_kg
dence	9	1_mn_kg
Lāngala	8	1_mn_kg
Kṛtamjaya	7	1_mn_kg
Vedins	7	1_mn_kg
Śunga	7	1_mn_kg
Tālajangha	7	1_mn_kg
Sānkhya	7	1_mn_kg
Syamantapañ-	6	5_ñ_invalid
Vanhi	6	1_mn_kg
samsāra	6	1_mn_kg
Viṣanga	6	1_mn_kg
himsā	6	1_mn_kg
Angāraka	6	1_mn_kg
Triśanku	6	1_mn_kg
Himsā	5	1_mn_kg
Amśumān	5	1_mn_kg
Wilsons	5	1_mn_kg
Angīras	5	1_mn_kg
Kanka	5	1_mn_kg
Tālajanghas	5	1_mn_kg
Āngirasa	5	1_mn_kg
Matanga	5	1_mn_kg
Asamanjasa	5	1_mn_kg
Samvatsara	4	2_m_tdlv
Samvarta	4	2_m_tdlv
incarna-	4	1_mn_kg
Dhanamjaya	4	1_mn_kg
Śamsya	4	1_mn_kg
Divamjaya	4	1_mn_kg
Sankarṣaṇa	4	1_mn_kg
Hiraṇmaya	4	6_ṇ_invalid
Śankha	4	1_mn_kg
Citrāngada	4	1_mn_kg
Yajurvedins	4	1_mn_kg
svayamvara	4	2_m_tdlv
Angada	4	1_mn_kg
Mātanga	4	1_mn_kg
Samjña	4	1_mn_kg
Purañ-	4	5_ñ_invalid
Śrutamjaya	4	1_mn_kg
palams	4	1_mn_kg
Karamdhama	3	2_m_tdlv
Kankā	3	1_mn_kg
Mleccha	3	2_m_tdlv
Vajrānga	3	1_mn_kg
ance	3	1_mn_kg
Śṛnga-	3	1_mn_kg
Ripumjaya	3	1_mn_kg
Pramlocā	3	2_m_tdlv
quishing	3	1_mn_kg
Uttanka	3	1_mn_kg
ence	3	1_mn_kg
Raṇamjaya	3	1_mn_kg
samskāras	3	1_mn_kg
samskāra	3	1_mn_kg
Samjaya	3	1_mn_kg
tinguished	3	1_mn_kg
Haryanga	3	1_mn_kg
Sankarṣana	3	1_mn_kg
Caturanga	3	1_mn_kg
Śringiputra	3	1_mn_kg
Angīrasa	3	1_mn_kg
Lāngalī	3	1_mn_kg
includ-	3	1_mn_kg
Khaṭvānga	3	1_mn_kg
Vanga	3	1_mn_kg
Śungas	3	1_mn_kg
Prāmśu	3	1_mn_kg
Sankar-	3	1_mn_kg
Brahmavādins	3	1_mn_kg
Mātangī	3	1_mn_kg
Panguni	3	1_mn_kg
śankha	3	1_mn_kg
tapasvins	3	1_mn_kg
ings	3	1_mn_kg
Samvartaka	3	2_m_tdlv
Amśumat	3	1_mn_kg
Cancu	3	1_mn_kg
Lāngali	3	1_mn_kg
tising	2	1_mn_kg
Brāhmans	2	1_mn_kg
boa-constrictor	2	1_mn_kg
Atharvāngiras	2	1_mn_kg
dering	2	1_mn_kg
Bṛṇdāvana	2	6_ṇ_invalid
Samvaraṇa	2	2_m_tdlv
gence	2	1_mn_kg
Samkalpa	2	1_mn_kg
bhārams	2	1_mn_kg
Ṣaṇmukha	2	6_ṇ_invalid
Sānkhyāyana	2	1_mn_kg
Śṛngavan	2	1_mn_kg
saubhāgyams	2	1_mn_kg
Somapāyins	2	1_mn_kg
Samsiddhakaraṇa	2	1_mn_kg
Upānga-	2	1_mn_kg
Gangādvāra	2	1_mn_kg
Gāngeya	2	1_mn_kg
formance	2	1_mn_kg
mlecchas	2	2_m_tdlv
Sāmkṛti	2	1_mn_kg
Ṛṣyaśṛnga	2	1_mn_kg
Mīmāmsa	2	1_mn_kg
Kamśās	2	1_mn_kg
Saubhāgyams	2	1_mn_kg
Kālingaka	2	1_mn_kg
Śamtanu	2	2_m_tdlv
instru-	2	1_mn_kg
Patanga	2	1_mn_kg
Varāngī	2	1_mn_kg
Angira	2	1_mn_kg
Samsāra	2	1_mn_kg
Dadhyanga	2	1_mn_kg
Ananga	2	1_mn_kg
Angadevyantaram	2	1_mn_kg
sions	2	1_mn_kg
Sṛnjaya	2	1_mn_kg
angulas	2	1_mn_kg
Śṛnjaya	2	1_mn_kg
talams	2	1_mn_kg
śanku	2	1_mn_kg
ahunting	2	1_mn_kg
Śamku	2	1_mn_kg
engag-	2	1_mn_kg
mencement	2	1_mn_kg
Atharvavedins	2	1_mn_kg
Mangali	2	1_mn_kg
Aunka	2	1_mn_kg
Śankha-	2	1_mn_kg
vading	2	1_mn_kg
Śankhakūṭa	2	1_mn_kg
Angi-	2	1_mn_kg
Ahamkāra	2	1_mn_kg
Mangala	2	1_mn_kg
Simsu-	2	1_mn_kg
Lanku	2	1_mn_kg
abbrevitions	2	1_mn_kg
Bangalore	2	1_mn_kg
Śankhaṇa	2	1_mn_kg
Upasanga	2	1_mn_kg
kimśuka	2	1_mn_kg
Anangavatī	2	1_mn_kg
Nṛpamjaya	2	1_mn_kg
Śankhadvīpam	2	1_mn_kg
ahamkāra	2	1_mn_kg
Vaikanka	2	1_mn_kg
Vīṣanga	2	1_mn_kg
%***This_File_is_I\SANSKRIT\PUI\PUĪ-3TXT_Last_update_170113	1	1_mn_kg
inter-dining	1	1_mn_kg
Sudamṣṭra	1	1_mn_kg
mleccha	1	2_m_tdlv
maṇdūkas	1	6_ṇ_invalid
Śamśya	1	1_mn_kg
interdining	1	1_mn_kg
rain-giving	1	1_mn_kg
Asamañ-	1	5_ñ_invalid
Konka	1	1_mn_kg
Venka	1	1_mn_kg
Aśvathāmans	1	1_mn_kg
fications	1	1_mn_kg
Kainkaram	1	1_mn_kg
Samvartanam	1	2_m_tdlv
incar-	1	1_mn_kg
housebuildings	1	1_mn_kg
Ganges-Yamuna	1	1_mn_kg
reconcilia-	1	1_mn_kg
Varāngis	1	1_mn_kg
Lanka	1	1_mn_kg
river-consort	1	1_mn_kg
Hariṇmān	1	6_ṇ_invalid
Samśaya	1	1_mn_kg
womens	1	1_mn_kg
Samkṣipta	1	1_mn_kg
Samśya	1	1_mn_kg
Āśvalāyanins	1	1_mn_kg
Pratyangirasa	1	1_mn_kg
kunṭḥa	1	1_mn_kg
Hamsa-Nārāyaṇa	1	1_mn_kg
Aumkāra	1	1_mn_kg
Vanhivāsā	1	1_mn_kg
Vṛṣaparvans	1	1_mn_kg
Muṇdapṛṣṭa	1	6_ṇ_invalid
Kampātarangiṇī	1	1_mn_kg
Śamkhapa	1	1_mn_kg
Hīmsā	1	1_mn_kg
Ṛṣyaśṛṇga	1	6_ṇ_invalid
Mlec-	1	2_m_tdlv
Kālanjara	1	1_mn_kg
Sangamam	1	1_mn_kg
Pauṣyañti	1	5_ñ_invalid
Sorensons	1	1_mn_kg
Śṛngavaṭam	1	1_mn_kg
Samvarna	1	2_m_tdlv
Sānkāśya	1	1_mn_kg
Pānḍavas	1	1_mn_kg
Syamantapāñ-	1	5_ñ_invalid
Śankhacūda	1	1_mn_kg
senger	1	1_mn_kg
ponsible	1	1_mn_kg
blindmans	1	1_mn_kg
leave-takings	1	1_mn_kg
Khāṇdikya	1	6_ṇ_invalid
tance	1	1_mn_kg
Udumlānas	1	2_m_tdlv
Mahanja	1	1_mn_kg
Samkṛtyas	1	1_mn_kg
Vimśa	1	1_mn_kg
Vivīmśa-Vā	1	1_mn_kg
Jānhavī	1	1_mn_kg
sāgara-sangama	1	1_mn_kg
Khaṭvāngas	1	1_mn_kg
Kṣatriya-Brahmans	1	1_mn_kg
Triśanku-	1	1_mn_kg
sāmkhya	1	1_mn_kg
ahimsā	1	1_mn_kg
Dīrghatams	1	1_mn_kg
cowdung	1	1_mn_kg
Kañya-kubja	1	5_ñ_invalid
Raṇti	1	6_ṇ_invalid
Venkateswara	1	1_mn_kg
priyangu	1	1_mn_kg
ever-blazing	1	1_mn_kg
Langhā-	1	1_mn_kg
Angadvīpam	1	1_mn_kg
Vīmśa	1	1_mn_kg
rangini	1	1_mn_kg
stellations	1	1_mn_kg
Vīvimśati	1	1_mn_kg
Śākhins	1	1_mn_kg
Ruṣśanku-	1	1_mn_kg
Cidvanhi	1	1_mn_kg
Vaikuṇtha	1	6_ṇ_invalid
Sāmans	1	1_mn_kg
Vaikuṇthas	1	6_ṇ_invalid
Śivalinga	1	1_mn_kg
all-pervading	1	1_mn_kg
Ṭankaṇa	1	1_mn_kg
Sangīta	1	1_mn_kg
Śārngadevā	1	1_mn_kg
Himsa	1	1_mn_kg
Kāmśyaśāla	1	1_mn_kg
Patangī	1	1_mn_kg
Sarvamangalikānityā	1	1_mn_kg
Tripuradhvamsa	1	1_mn_kg
Cakravartins	1	1_mn_kg
conciliat-	1	1_mn_kg
unbrahmanical	1	3_n_pbrl
looking-glass	1	1_mn_kg
Gangeśvaram	1	1_mn_kg
Hiṃavāns	1	1_mn_kg
Sujanghi	1	1_mn_kg
Anangadānavratam	1	1_mn_kg
Śankhapāda	1	1_mn_kg
Śankhini	1	1_mn_kg
Amśuman	1	1_mn_kg
Varāngi	1	1_mn_kg
Dūrvañ-	1	5_ñ_invalid
Upāsangadhara	1	1_mn_kg
Asanga	1	1_mn_kg
Venkaṭa	1	1_mn_kg
mṛtasanjīvini	1	1_mn_kg
Simśumāra	1	1_mn_kg
bulations	1	1_mn_kg
Uttangas	1	1_mn_kg
Sṛṅjaya	1	4_ṅ_invalid
Pancālakas	1	1_mn_kg
Śankhana	1	1_mn_kg
Śankhoddhāra	1	1_mn_kg
Karankas	1	1_mn_kg
Candrāmśu	1	1_mn_kg
Kankhala	1	1_mn_kg
Balamdhana-	1	2_m_tdlv
vomitting	1	1_mn_kg
Tātaṇka	1	6_ṇ_invalid
Kuṇḍapāyins	1	1_mn_kg
installa-	1	1_mn_kg
Daṇdapāṇi	1	6_ṇ_invalid
distinc-	1	1_mn_kg
Hamsakīla	1	1_mn_kg
Lingadhāriṇī	1	1_mn_kg
Vamśānucarita	1	1_mn_kg
Pingaleśvarī	1	1_mn_kg
incal-	1	1_mn_kg
Parārdhams	1	1_mn_kg
Ankuśa	1	1_mn_kg
Pumsavana	1	1_mn_kg
Pāncāla	1	1_mn_kg
Āngīras	1	1_mn_kg
Kalamjam	1	1_mn_kg
Kalingam	1	1_mn_kg
puragrāmanga	1	1_mn_kg
Samanja	1	1_mn_kg
sons-in-law	1	1_mn_kg
somayājins	1	1_mn_kg
mīmāmsakas	1	1_mn_kg
self-conceited	1	1_mn_kg
Lingins	1	1_mn_kg
Viśanga	1	1_mn_kg
consti-	1	1_mn_kg
tuting	1	1_mn_kg
ingudi	1	1_mn_kg
Agnihotrins	1	1_mn_kg
Karmins	1	1_mn_kg
vances	1	1_mn_kg
Hamsas	1	1_mn_kg
Sanjaya-	1	1_mn_kg
Brahmānḍa	1	1_mn_kg
vamśyānu-	1	1_mn_kg
densed	1	1_mn_kg
Sānkhyas	1	1_mn_kg
Udanka	1	1_mn_kg
rain-bearing	1	1_mn_kg
Āngiras	1	1_mn_kg
Mahāpāmśu-	1	1_mn_kg
Sāmśapāyana	1	1_mn_kg
Daṇḍins	1	1_mn_kg
Śānkara	1	1_mn_kg
Pṛthumjaya	1	1_mn_kg
Pṛthumdātā	1	2_m_tdlv
templating	1	1_mn_kg
Mallaranga	1	1_mn_kg
man-eating	1	1_mn_kg
Sujamghī	1	1_mn_kg
Pauṣpinji-	1	1_mn_kg
Langākṣi	1	1_mn_kg
Dārāgṇihotrins	1	1_mn_kg
Omkāram	1	1_mn_kg
ing-with	1	1_mn_kg
Pingala	1	1_mn_kg
Hamsaprapatana	1	1_mn_kg
Kāncanaka	1	1_mn_kg
drances	1	1_mn_kg
Saptāngas	1	1_mn_kg
mencing	1	1_mn_kg
Anangavati	1	1_mn_kg
jangha	1	1_mn_kg
sage-king	1	1_mn_kg
agnihotrins	1	1_mn_kg
Pumścalyā	1	1_mn_kg
Śankhacūḍa	1	1_mn_kg
Puṣans	1	1_mn_kg
Baliviṅdhya	1	4_ṅ_invalid
conse-	1	1_mn_kg
Sṛmjaya	1	1_mn_kg
Māmdhātā	1	2_m_tdlv
constellar	1	1_mn_kg
Uttanga	1	1_mn_kg
Angā-	1	1_mn_kg
Sānkhāyana	1	1_mn_kg
Karmasamjña	1	1_mn_kg
Pratyangarasayoga	1	1_mn_kg
Samkarṣaṇa	1	1_mn_kg
Kinṇaras	1	1_mn_kg
Hemaśṛṅ-	1	4_ṅ_invalid
Vājins	1	1_mn_kg
nounced	1	1_mn_kg
Lakṣmīsvayamvara	1	2_m_tdlv
Lakṣmīranganā	1	1_mn_kg
Prāmśu-	1	1_mn_kg
Bhasmasamcchannadeha	1	1_mn_kg
Hamsaprapatanam	1	1_mn_kg
manjasa	1	1_mn_kg
piśanga	1	1_mn_kg
sāranga	1	1_mn_kg
Kalavinkas	1	1_mn_kg
non-anger	1	1_mn_kg
Vajrāngī	1	1_mn_kg
sangrāmas	1	1_mn_kg
mences	1	1_mn_kg
institu-	1	1_mn_kg
Hemaśṛnga	1	1_mn_kg
inha-	1	1_mn_kg
Buddhisamkīrṇa	1	1_mn_kg
Śrutinjaya	1	1_mn_kg
tating	1	1_mn_kg
Māyins	1	1_mn_kg
Karamdana-	1	2_m_tdlv
ginating	1	1_mn_kg
samvid	1	2_m_tdlv
sankalpa	1	1_mn_kg
Śṛngāra	1	1_mn_kg
Lohitānga	1	1_mn_kg
Midharāmsa	1	1_mn_kg
Uttankapurohita	1	1_mn_kg
Śānkhyas	1	1_mn_kg
Pramloca	1	2_m_tdlv
Syamantapāncaka	1	1_mn_kg
Nāgnjiti	1	1_mn_kg
Shavelings	1	1_mn_kg
Sanyasins	1	1_mn_kg
Samkṣo-	1	1_mn_kg
Mahāmkuśa	1	1_mn_kg
Krauncadvīpa	1	1_mn_kg
Konkan	1	1_mn_kg
lenged	1	1_mn_kg
Samgraha	1	1_mn_kg
Ripumjaya-	1	1_mn_kg
Vajrāngas	1	1_mn_kg
Kanṭha	1	1_mn_kg
Gardabhins	1	1_mn_kg
Kankas	1	1_mn_kg
Guruṇdas	1	6_ṇ_invalid
Vedangas	1	1_mn_kg
boaconstrictor	1	1_mn_kg
Kiṇkara	1	6_ṇ_invalid
Bṛṇdāvan	1	6_ṇ_invalid
Bhṛgutunga	1	1_mn_kg
sandhyāmśa	1	1_mn_kg
non-stealing	1	1_mn_kg
ahimsaka	1	1_mn_kg
Brahmacārins	1	1_mn_kg
Sāmavedins	1	1_mn_kg
Kṛtañmjaya	1	1_mn_kg
Kṛtañmjaya	1	5_ñ_invalid
Samjāya	1	1_mn_kg
Prānins	1	1_mn_kg
Satyaśṛṇga	1	6_ṇ_invalid
Vivimśati	1	1_mn_kg
parations	1	1_mn_kg
Satadhanvans	1	1_mn_kg
Samvarttaka	1	2_m_tdlv
Hamsakālī	1	1_mn_kg
Samjāti-	1	1_mn_kg
ever-burning	1	1_mn_kg
tejasvins	1	1_mn_kg
ranga	1	1_mn_kg
Dvijavarmans	1	1_mn_kg
Śamkhana	1	1_mn_kg
Upāsanga	1	1_mn_kg
mahāpātakams	1	1_mn_kg
Śamkarṣaṇa	1	1_mn_kg
Vamśyānucaritam	1	1_mn_kg
Bṛhamgira	1	1_mn_kg
alamkāras-	1	1_mn_kg
Vaṃśavartins	1	1_mn_kg
Samkīrṇāra	1	1_mn_kg
Udanka-	1	1_mn_kg
Samvaha	1	2_m_tdlv
Dvīpins	1	1_mn_kg
Angadā	1	1_mn_kg
Āvedins	1	1_mn_kg
Haryangas	1	1_mn_kg
Incon	1	1_mn_kg
cluding	1	1_mn_kg
Mimāmsa	1	1_mn_kg
Bṛhangiras	1	1_mn_kg
injunc-	1	1_mn_kg
Vivimśaka	1	1_mn_kg
Vimśaputra	1	1_mn_kg
Vimśa-	1	1_mn_kg
Kalingadeśa	1	1_mn_kg
Tṛṇabiṅdu	1	4_ṅ_invalid
Tṛṇabiṅdu-	1	4_ṅ_invalid
uncivilised	1	1_mn_kg
Mahāpāmśu	1	1_mn_kg
Kalavinka	1	1_mn_kg
Sānkhyanidarśana	1	1_mn_kg
Pankti	1	1_mn_kg
Vedāngas	1	1_mn_kg
bling	1	1_mn_kg
Langākṣī	1	1_mn_kg
Samtānakas	1	2_m_tdlv
sānkhya	1	1_mn_kg
chamsi	1	1_mn_kg
Angāri	1	1_mn_kg
amśāvatāra	1	1_mn_kg
nections	1	1_mn_kg
Mlecchahood	1	2_m_tdlv
Gardabins	1	1_mn_kg
Vaśankasāra	1	1_mn_kg
Śankhanāgā	1	1_mn_kg
Śankhamukha	1	1_mn_kg
Śankhadvīpa	1	1_mn_kg
Angiraś	1	1_mn_kg
Vangas	1	1_mn_kg
Sanjaya	1	1_mn_kg
Pūrṇotsanga	1	1_mn_kg
Samjana	1	1_mn_kg
Rṣyaśṛṇga	1	6_ṇ_invalid
Sangayuta	1	1_mn_kg
senting	1	1_mn_kg
ever-ringing	1	1_mn_kg
Kalingas	1	1_mn_kg
Ekalingas	1	1_mn_kg
samvatsara	1	2_m_tdlv
renuncia-	1	1_mn_kg
Kurujāngalas	1	1_mn_kg
Triśankunetra	1	1_mn_kg
Angārakavrata	1	1_mn_kg
ayanams	1	1_mn_kg
panktibhojanam	1	1_mn_kg
Samgrāmajit	1	1_mn_kg
mlecchahood	1	2_m_tdlv
śringa	1	1_mn_kg
Śringavān	1	1_mn_kg
redactions	1	1_mn_kg
Śankhapadā	1	1_mn_kg
Satyavrata-Triśanku	1	1_mn_kg
Vratins	1	1_mn_kg
cārins	1	1_mn_kg
Samtati	1	2_m_tdlv
menced	1	1_mn_kg
Hrīmkāra	1	1_mn_kg
Raṇamjaya-	1	1_mn_kg
dīvyasamvatsara	1	2_m_tdlv
Dhruvasamvatsara	1	2_m_tdlv
Pitṛsamvatsara	1	2_m_tdlv
Saptarṣisamvatsara	1	2_m_tdlv
Prāmśus	1	1_mn_kg
Agnisamsya	1	1_mn_kg
sāṅdhivigrahika	1	4_ṅ_invalid
mantrins	1	1_mn_kg
kṣetrams	1	1_mn_kg
reincarna-	1	1_mn_kg
madhyānha	1	1_mn_kg
enshrin-	1	1_mn_kg
blood-flowing	1	1_mn_kg
satsanga	1	1_mn_kg
construc-	1	1_mn_kg
Sangrāmajit	1	1_mn_kg
Śoṇasamgama	1	1_mn_kg
Sangata	1	1_mn_kg
Asamanja	1	1_mn_kg
Pañcabhūtāmtaka	1	2_m_tdlv
Śāmśapāyana	1	1_mn_kg
ingly	1	1_mn_kg
Sangameśvaram	1	1_mn_kg
Prāṇins	1	1_mn_kg
Kalmāṣānghri	1	1_mn_kg
Angārakagraha	1	1_mn_kg
vadīns	1	1_mn_kg
Mahāromṇa-	1	1_mn_kg
Ruśanku	1	1_mn_kg
Kāncī	1	1_mn_kg
Cancu-	1	1_mn_kg
Mahādrumga	1	1_mn_kg
Asamsṛṣṭa	1	1_mn_kg
Suṣumṇa	1	1_mn_kg
self-defence	1	1_mn_kg
self-enjoyment	1	1_mn_kg
Jains	1	1_mn_kg
